{
	2103430730: {
		"timestamp": 1451001605.558599,
		"client ip": "10.116.74.176",
		"client port": 41280
	},
	2103430748: {
		"timestamp": 1451001605.585656,
		"client ip": "10.47.144.132",
		"client port": 43301
	},
	2103430768: {
		"timestamp": 1451001605.678437,
		"client ip": "10.116.74.176",
		"client port": 41280
	},
	2103430779: {
		"timestamp": 1451001605.738996,
		"client ip": "10.116.74.176",
		"client port": 41280
	},
	2103430781: {
		"timestamp": 1451001605.763506,
		"client ip": "10.47.144.132",
		"client port": 43301
	},
	2103489528: {
		"timestamp": 1451001605.898711,
		"client ip": "10.116.74.176",
		"client port": 41280
	},
	2103489619: {
		"timestamp": 1451001606.165044,
		"client ip": "10.47.144.132",
		"client port": 43301
	},
	2103489628: {
		"timestamp": 1451001606.198742,
		"client ip": "10.116.74.176",
		"client port": 41280
	},
	2103489630: {
		"timestamp": 1451001606.198751,
		"client ip": "10.116.74.176",
		"client port": 41280
	},
	2103489631: {
		"timestamp": 1451001606.198718,
		"client ip": "10.116.74.176",
		"client port": 41280
	},
	2103489633: {
		"timestamp": 1451001606.198732,
		"client ip": "10.116.74.176",
		"client port": 41280
	},
	2103489641: {
		"timestamp": 1451001606.226052,
		"client ip": "10.47.144.132",
		"client port": 43301
	},
	2103489670: {
		"timestamp": 1451001606.334020,
		"client ip": "10.47.144.132",
		"client port": 43301
	},
	2103489705: {
		"timestamp": 1451001606.478546,
		"client ip": "10.116.74.176",
		"client port": 41280
	},
	2103489713: {
		"timestamp": 1451001606.498729,
		"client ip": "10.116.74.176",
		"client port": 41280
	},
	2103489768: {
		"timestamp": 1451001606.718729,
		"client ip": "10.116.74.176",
		"client port": 41280
	},
	2103489817: {
		"timestamp": 1451001606.878752,
		"client ip": "10.116.74.176",
		"client port": 41280
	},
	2103489829: {
		"timestamp": 1451001605.923787,
		"client ip": "10.47.144.132",
		"client port": 43301
	},
	2103489892: {
		"timestamp": 1451001606.141704,
		"client ip": "10.119.76.168",
		"client port": 36294
	},
	2103489969: {
		"timestamp": 1451001606.384348,
		"client ip": "10.47.144.132",
		"client port": 43301
	},
	2103490000: {
		"timestamp": 1451001606.478605,
		"client ip": "10.116.74.176",
		"client port": 41280
	},
	2103490065: {
		"timestamp": 1451001606.699118,
		"client ip": "10.116.74.176",
		"client port": 41280
	},
	2103490066: {
		"timestamp": 1451001606.699103,
		"client ip": "10.116.74.176",
		"client port": 41280
	},
	2103490069: {
		"timestamp": 1451001606.718695,
		"client ip": "10.116.74.176",
		"client port": 41280
	},
	2103490081: {
		"timestamp": 1451001606.758848,
		"client ip": "10.116.74.176",
		"client port": 41280
	},
	2103490103: {
		"timestamp": 1451001606.818617,
		"client ip": "10.116.74.176",
		"client port": 41280
	},
	2103490118: {
		"timestamp": 1451001606.883692,
		"client ip": "10.47.144.132",
		"client port": 43301
	},
	2103552801: {
		"timestamp": 1451001607.018775,
		"client ip": "10.116.74.176",
		"client port": 41280
	},
	2103552804: {
		"timestamp": 1451001607.035756,
		"client ip": "10.47.144.132",
		"client port": 43301
	},
	2103552825: {
		"timestamp": 1451001607.115061,
		"client ip": "10.47.144.132",
		"client port": 43301
	},
	2103552839: {
		"timestamp": 1451001607.185251,
		"client ip": "10.47.144.132",
		"client port": 43301
	},
	2103552859: {
		"timestamp": 1451001607.278720,
		"client ip": "10.116.74.176",
		"client port": 41280
	},
	2103553033: {
		"timestamp": 1451001607.775110,
		"client ip": "10.47.144.132",
		"client port": 43301
	},
	2103553054: {
		"timestamp": 1451001607.835106,
		"client ip": "10.47.144.132",
		"client port": 43301
	},
	2103553096: {
		"timestamp": 1451001606.944585,
		"client ip": "10.47.144.132",
		"client port": 43301
	},
	2103553114: {
		"timestamp": 1451001602.768377,
		"client ip": "10.98.131.43",
		"client port": 37835
	},
	2103553120: {
		"timestamp": 1451001607.018746,
		"client ip": "10.116.74.176",
		"client port": 41280
	},
	2103553178: {
		"timestamp": 1451001607.217802,
		"client ip": "10.119.76.168",
		"client port": 60933
	},
	2103553233: {
		"timestamp": 1451001607.444168,
		"client ip": "10.47.144.132",
		"client port": 43301
	},
	2103553264: {
		"timestamp": 1451001607.555167,
		"client ip": "10.47.144.132",
		"client port": 43301
	},
	2103553282: {
		"timestamp": 1451001607.619306,
		"client ip": "10.1.178.208",
		"client port": 36004
	},
	2103553306: {
		"timestamp": 1451001607.644811,
		"client ip": "10.47.144.132",
		"client port": 43301
	},
	2103567606: {
		"timestamp": 1451001608.120506,
		"client ip": "10.34.164.149",
		"client port": 1954
	},
	2103611823: {
		"timestamp": 1451001608.077834,
		"client ip": "10.119.76.168",
		"client port": 50034
	},
	2103611824: {
		"timestamp": 1451001608.071623,
		"client ip": "10.119.76.168",
		"client port": 56769
	},
	2103611828: {
		"timestamp": 1451001608.083314,
		"client ip": "10.119.76.168",
		"client port": 35592
	},
	2103611837: {
		"timestamp": 1451001608.105751,
		"client ip": "10.119.76.168",
		"client port": 42754
	},
	2103612022: {
		"timestamp": 1451001608.771378,
		"client ip": "10.119.76.168",
		"client port": 39438
	},
	2103612090: {
		"timestamp": 1451001608.037053,
		"client ip": "10.47.144.132",
		"client port": 43301
	},
	2103612164: {
		"timestamp": 1451001608.318795,
		"client ip": "10.116.74.176",
		"client port": 41280
	}
}
